,model_region,date,prescribing_rate
1,East of England NHS Region,2014-01-01,1.925149824
14,East of England NHS Region,2014-02-01,1.916657411
27,East of England NHS Region,2014-03-01,1.919445641
40,East of England NHS Region,2014-04-01,1.9188496
53,East of England NHS Region,2014-05-01,1.924074629
66,East of England NHS Region,2014-06-01,1.931401281
79,East of England NHS Region,2014-07-01,1.933348862
92,East of England NHS Region,2014-08-01,1.929014023
105,East of England NHS Region,2014-09-01,1.933084901
118,East of England NHS Region,2014-10-01,1.929056597
131,East of England NHS Region,2014-11-01,1.921452052
144,East of England NHS Region,2014-12-01,1.940021417
157,East of England NHS Region,2015-01-01,1.918376923
171,East of England NHS Region,2015-02-01,1.919739604
185,East of England NHS Region,2015-03-01,1.923140883
199,East of England NHS Region,2015-04-01,1.914386868
213,East of England NHS Region,2015-05-01,1.898500681
227,East of England NHS Region,2015-06-01,1.891954184
241,East of England NHS Region,2015-07-01,1.883840561
255,East of England NHS Region,2015-08-01,1.878321409
269,East of England NHS Region,2015-09-01,1.872010708
283,East of England NHS Region,2015-10-01,1.865790367
297,East of England NHS Region,2015-11-01,1.864633083
311,East of England NHS Region,2015-12-01,1.837049961
325,East of England NHS Region,2016-01-01,1.798074722
340,East of England NHS Region,2016-02-01,1.802169204
355,East of England NHS Region,2016-03-01,1.807535052
370,East of England NHS Region,2016-04-01,1.81292522
385,East of England NHS Region,2016-05-01,1.816954017
400,East of England NHS Region,2016-06-01,1.81999445
415,East of England NHS Region,2016-07-01,1.820462823
430,East of England NHS Region,2016-08-01,1.830102801
445,East of England NHS Region,2016-09-01,1.828858018
460,East of England NHS Region,2016-10-01,1.823360324
475,East of England NHS Region,2016-11-01,1.832223892
490,East of England NHS Region,2016-12-01,1.841560125
505,East of England NHS Region,2017-01-01,1.84
521,East of England NHS Region,2017-02-01,1.83
537,East of England NHS Region,2017-03-01,1.82
553,East of England NHS Region,2017-04-01,1.8
569,East of England NHS Region,2017-05-01,1.8
585,East of England NHS Region,2017-06-01,1.8
601,East of England NHS Region,2017-07-01,1.79
617,East of England NHS Region,2017-08-01,1.79
633,East of England NHS Region,2017-09-01,1.79
649,East of England NHS Region,2017-10-01,1.79
665,East of England NHS Region,2017-11-01,1.78
681,East of England NHS Region,2017-12-01,1.77
697,East of England NHS Region,2018-01-01,1.76
713,East of England NHS Region,2018-02-01,1.76
729,East of England NHS Region,2018-03-01,1.75
745,East of England NHS Region,2018-04-01,1.76
761,East of England NHS Region,2018-05-01,1.75
777,East of England NHS Region,2018-06-01,1.74
793,East of England NHS Region,2018-07-01,1.74
809,East of England NHS Region,2018-08-01,1.73
825,East of England NHS Region,2018-09-01,1.72
841,East of England NHS Region,2018-10-01,1.72
857,East of England NHS Region,2018-11-01,1.71
873,East of England NHS Region,2018-12-01,1.69
889,East of England NHS Region,2019-01-01,1.66
905,East of England NHS Region,2019-02-01,1.66
921,East of England NHS Region,2019-03-01,1.64
937,East of England NHS Region,2019-04-01,1.64
953,East of England NHS Region,2019-05-01,1.63
969,East of England NHS Region,2019-06-01,1.62
985,East of England NHS Region,2019-07-01,1.62
1001,East of England NHS Region,2019-08-01,1.62
1017,East of England NHS Region,2019-09-01,1.62
1033,East of England NHS Region,2019-10-01,1.62
1049,East of England NHS Region,2019-11-01,1.62
1065,East of England NHS Region,2019-12-01,1.63
1081,East of England NHS Region,2020-01-01,1.62
1097,East of England NHS Region,2020-02-01,1.61
1113,East of England NHS Region,2020-03-01,1.62
1129,East of England NHS Region,2020-04-01,1.6
1145,East of England NHS Region,2020-05-01,1.58
1161,East of England NHS Region,2020-06-01,1.56
1177,East of England NHS Region,2020-07-01,1.54
1193,East of England NHS Region,2020-08-01,1.52
1209,East of England NHS Region,2020-09-01,1.51
1225,East of England NHS Region,2020-10-01,1.49
1241,East of England NHS Region,2020-11-01,1.45
1257,East of England NHS Region,2020-12-01,1.41
1273,East of England NHS Region,2021-01-01,1.34
1289,East of England NHS Region,2021-02-01,1.3
1305,East of England NHS Region,2021-03-01,1.27
1321,East of England NHS Region,2021-04-01,1.25
1337,East of England NHS Region,2021-05-01,1.26
1353,East of England NHS Region,2021-06-01,1.27
1369,East of England NHS Region,2021-07-01,1.29
1385,East of England NHS Region,2021-08-01,1.3
1401,East of England NHS Region,2021-09-01,1.32
1417,East of England NHS Region,2021-10-01,1.35
1433,East of England NHS Region,2021-11-01,1.38
1449,East of England NHS Region,2021-12-01,1.42
1465,East of England NHS Region,2022-01-01,1.42
1481,East of England NHS Region,2022-02-01,1.44
1497,East of England NHS Region,2022-03-01,1.48
1513,East of England NHS Region,2022-04-01,1.5
1529,East of England NHS Region,2022-05-01,1.52
1545,East of England NHS Region,2022-06-01,1.53
1561,East of England NHS Region,2022-07-01,1.54
1577,East of England NHS Region,2022-08-01,1.54
1593,East of England NHS Region,2022-09-01,1.54
1609,East of England NHS Region,2022-10-01,1.54
1625,East of England NHS Region,2022-11-01,1.56
1641,East of England NHS Region,2022-12-01,1.63
1657,East of England NHS Region,2023-01-01,1.67
1673,East of England NHS Region,2023-02-01,1.71
1689,East of England NHS Region,2023-03-01,1.73
1705,East of England NHS Region,2023-04-01,1.74
1721,East of England NHS Region,2023-05-01,1.74
1737,East of England NHS Region,2023-06-01,1.75
1753,East of England NHS Region,2023-07-01,1.75
1769,East of England NHS Region,2023-08-01,1.75
1785,East of England NHS Region,2023-09-01,1.75
1801,East of England NHS Region,2023-10-01,1.74
1817,East of England NHS Region,2023-11-01,1.74
1833,East of England NHS Region,2023-12-01,1.68
1849,East of England NHS Region,2024-01-01,1.68
1865,East of England NHS Region,2024-02-01,1.68
1881,East of England NHS Region,2024-03-01,1.67
1897,East of England NHS Region,2024-04-01,1.68
1913,East of England NHS Region,2024-05-01,1.69
1929,East of England NHS Region,2024-06-01,1.68
1945,East of England NHS Region,2024-07-01,1.69
1961,East of England NHS Region,2024-08-01,1.68
1977,East of England NHS Region,2024-09-01,1.67
1993,East of England NHS Region,2024-10-01,1.67
2009,East of England NHS Region,2024-11-01,1.66
2025,East of England NHS Region,2024-12-01,1.66
2041,East of England NHS Region,2025-01-01,1.65
2057,East of England NHS Region,2025-02-01,1.62
2073,East of England NHS Region,2025-03-01,1.6
2089,East of England NHS Region,2025-04-01,1.58
2105,East of England NHS Region,2025-05-01,1.56
2121,East of England NHS Region,2025-06-01,1.55
2137,Midlands NHS Region,2014-01-01,1.898730619
2149,Midlands NHS Region,2014-02-01,1.897409075
2161,Midlands NHS Region,2014-03-01,1.902674734
2173,Midlands NHS Region,2014-04-01,1.905010065
2185,Midlands NHS Region,2014-05-01,1.907008674
2197,Midlands NHS Region,2014-06-01,1.915922761
2209,Midlands NHS Region,2014-07-01,1.916386207
2221,Midlands NHS Region,2014-08-01,1.909593832
2233,Midlands NHS Region,2014-09-01,1.910453137
2245,Midlands NHS Region,2014-10-01,1.90666109
2257,Midlands NHS Region,2014-11-01,1.903416971
2269,Midlands NHS Region,2014-12-01,1.924850123
2281,Midlands NHS Region,2015-01-01,1.906379024
2296,Midlands NHS Region,2015-02-01,1.903732887
2311,Midlands NHS Region,2015-03-01,1.904586222
2326,Midlands NHS Region,2015-04-01,1.892992045
2341,Midlands NHS Region,2015-05-01,1.877035365
2356,Midlands NHS Region,2015-06-01,1.870544656
2371,Midlands NHS Region,2015-07-01,1.861862428
2386,Midlands NHS Region,2015-08-01,1.855768156
2401,Midlands NHS Region,2015-09-01,1.844828811
2416,Midlands NHS Region,2015-10-01,1.833481052
2431,Midlands NHS Region,2015-11-01,1.826664639
2446,Midlands NHS Region,2015-12-01,1.790699077
2461,Midlands NHS Region,2016-01-01,1.740317324
2478,Midlands NHS Region,2016-02-01,1.743170751
2495,Midlands NHS Region,2016-03-01,1.741365378
2512,Midlands NHS Region,2016-04-01,1.744413507
2529,Midlands NHS Region,2016-05-01,1.747184054
2546,Midlands NHS Region,2016-06-01,1.746909104
2563,Midlands NHS Region,2016-07-01,1.745981203
2580,Midlands NHS Region,2016-08-01,1.756612598
2597,Midlands NHS Region,2016-09-01,1.758118903
2614,Midlands NHS Region,2016-10-01,1.756502969
2631,Midlands NHS Region,2016-11-01,1.770107068
2648,Midlands NHS Region,2016-12-01,1.779887302
2665,Midlands NHS Region,2017-01-01,1.76
2686,Midlands NHS Region,2017-02-01,1.75
2707,Midlands NHS Region,2017-03-01,1.75
2728,Midlands NHS Region,2017-04-01,1.73
2749,Midlands NHS Region,2017-05-01,1.73
2770,Midlands NHS Region,2017-06-01,1.73
2791,Midlands NHS Region,2017-07-01,1.73
2812,Midlands NHS Region,2017-08-01,1.73
2833,Midlands NHS Region,2017-09-01,1.73
2854,Midlands NHS Region,2017-10-01,1.73
2875,Midlands NHS Region,2017-11-01,1.72
2896,Midlands NHS Region,2017-12-01,1.7
2917,Midlands NHS Region,2018-01-01,1.7
2938,Midlands NHS Region,2018-02-01,1.7
2959,Midlands NHS Region,2018-03-01,1.69
2980,Midlands NHS Region,2018-04-01,1.69
3001,Midlands NHS Region,2018-05-01,1.69
3022,Midlands NHS Region,2018-06-01,1.68
3043,Midlands NHS Region,2018-07-01,1.67
3064,Midlands NHS Region,2018-08-01,1.66
3085,Midlands NHS Region,2018-09-01,1.65
3106,Midlands NHS Region,2018-10-01,1.65
3127,Midlands NHS Region,2018-11-01,1.64
3148,Midlands NHS Region,2018-12-01,1.63
3169,Midlands NHS Region,2019-01-01,1.6
3190,Midlands NHS Region,2019-02-01,1.59
3211,Midlands NHS Region,2019-03-01,1.58
3232,Midlands NHS Region,2019-04-01,1.58
3253,Midlands NHS Region,2019-05-01,1.58
3274,Midlands NHS Region,2019-06-01,1.57
3295,Midlands NHS Region,2019-07-01,1.57
3316,Midlands NHS Region,2019-08-01,1.58
3337,Midlands NHS Region,2019-09-01,1.58
3358,Midlands NHS Region,2019-10-01,1.59
3379,Midlands NHS Region,2019-11-01,1.59
3400,Midlands NHS Region,2019-12-01,1.6
3421,Midlands NHS Region,2020-01-01,1.59
3442,Midlands NHS Region,2020-02-01,1.59
3463,Midlands NHS Region,2020-03-01,1.59
3484,Midlands NHS Region,2020-04-01,1.58
3505,Midlands NHS Region,2020-05-01,1.56
3526,Midlands NHS Region,2020-06-01,1.54
3547,Midlands NHS Region,2020-07-01,1.52
3568,Midlands NHS Region,2020-08-01,1.49
3589,Midlands NHS Region,2020-09-01,1.48
3610,Midlands NHS Region,2020-10-01,1.46
3631,Midlands NHS Region,2020-11-01,1.43
3652,Midlands NHS Region,2020-12-01,1.38
3673,Midlands NHS Region,2021-01-01,1.33
3694,Midlands NHS Region,2021-02-01,1.29
3715,Midlands NHS Region,2021-03-01,1.26
3736,Midlands NHS Region,2021-04-01,1.25
3757,Midlands NHS Region,2021-05-01,1.25
3778,Midlands NHS Region,2021-06-01,1.26
3799,Midlands NHS Region,2021-07-01,1.28
3820,Midlands NHS Region,2021-08-01,1.3
3841,Midlands NHS Region,2021-09-01,1.31
3862,Midlands NHS Region,2021-10-01,1.34
3883,Midlands NHS Region,2021-11-01,1.37
3904,Midlands NHS Region,2021-12-01,1.41
3925,Midlands NHS Region,2022-01-01,1.41
3946,Midlands NHS Region,2022-02-01,1.43
3967,Midlands NHS Region,2022-03-01,1.46
3988,Midlands NHS Region,2022-04-01,1.48
4009,Midlands NHS Region,2022-05-01,1.5
4030,Midlands NHS Region,2022-06-01,1.51
4051,Midlands NHS Region,2022-07-01,1.52
4072,Midlands NHS Region,2022-08-01,1.53
4093,Midlands NHS Region,2022-09-01,1.52
4114,Midlands NHS Region,2022-10-01,1.52
4135,Midlands NHS Region,2022-11-01,1.53
4156,Midlands NHS Region,2022-12-01,1.6
4177,Midlands NHS Region,2023-01-01,1.65
4198,Midlands NHS Region,2023-02-01,1.68
4219,Midlands NHS Region,2023-03-01,1.7
4240,Midlands NHS Region,2023-04-01,1.71
4261,Midlands NHS Region,2023-05-01,1.71
4282,Midlands NHS Region,2023-06-01,1.72
4303,Midlands NHS Region,2023-07-01,1.71
4324,Midlands NHS Region,2023-08-01,1.72
4345,Midlands NHS Region,2023-09-01,1.72
4366,Midlands NHS Region,2023-10-01,1.72
4387,Midlands NHS Region,2023-11-01,1.72
4408,Midlands NHS Region,2023-12-01,1.66
4429,Midlands NHS Region,2024-01-01,1.65
4450,Midlands NHS Region,2024-02-01,1.65
4471,Midlands NHS Region,2024-03-01,1.64
4492,Midlands NHS Region,2024-04-01,1.66
4513,Midlands NHS Region,2024-05-01,1.67
4534,Midlands NHS Region,2024-06-01,1.67
4555,Midlands NHS Region,2024-07-01,1.67
4576,Midlands NHS Region,2024-08-01,1.66
4597,Midlands NHS Region,2024-09-01,1.66
4618,Midlands NHS Region,2024-10-01,1.65
4639,Midlands NHS Region,2024-11-01,1.64
4660,Midlands NHS Region,2024-12-01,1.65
4681,Midlands NHS Region,2025-01-01,1.63
4702,Midlands NHS Region,2025-02-01,1.61
4723,Midlands NHS Region,2025-03-01,1.59
4744,Midlands NHS Region,2025-04-01,1.57
4765,Midlands NHS Region,2025-05-01,1.54
4786,Midlands NHS Region,2025-06-01,1.53
4807,South West NHS Region,2014-01-01,1.84578433
4815,South West NHS Region,2014-02-01,1.832736169
4823,South West NHS Region,2014-03-01,1.826975301
4831,South West NHS Region,2014-04-01,1.815724246
4839,South West NHS Region,2014-05-01,1.813567839
4847,South West NHS Region,2014-06-01,1.818404532
4855,South West NHS Region,2014-07-01,1.813874088
4863,South West NHS Region,2014-08-01,1.804132578
4871,South West NHS Region,2014-09-01,1.803532739
4879,South West NHS Region,2014-10-01,1.796194203
4887,South West NHS Region,2014-11-01,1.785278938
4895,South West NHS Region,2014-12-01,1.796056753
4903,South West NHS Region,2015-01-01,1.789329529
4912,South West NHS Region,2015-02-01,1.794269681
4921,South West NHS Region,2015-03-01,1.794353604
4930,South West NHS Region,2015-04-01,1.785842538
4939,South West NHS Region,2015-05-01,1.772276402
4948,South West NHS Region,2015-06-01,1.768580914
4957,South West NHS Region,2015-07-01,1.7628721
4966,South West NHS Region,2015-08-01,1.758019447
4975,South West NHS Region,2015-09-01,1.750756025
4984,South West NHS Region,2015-10-01,1.743464589
4993,South West NHS Region,2015-11-01,1.74114418
5002,South West NHS Region,2015-12-01,1.714904666
5011,South West NHS Region,2016-01-01,1.672430515
5020,South West NHS Region,2016-02-01,1.670890331
5029,South West NHS Region,2016-03-01,1.670003891
5038,South West NHS Region,2016-04-01,1.671738029
5047,South West NHS Region,2016-05-01,1.670094609
5056,South West NHS Region,2016-06-01,1.666183233
5065,South West NHS Region,2016-07-01,1.661776662
5074,South West NHS Region,2016-08-01,1.666610599
5083,South West NHS Region,2016-09-01,1.6645751
5092,South West NHS Region,2016-10-01,1.657731414
5101,South West NHS Region,2016-11-01,1.665961623
5110,South West NHS Region,2016-12-01,1.669089317
5119,South West NHS Region,2017-01-01,1.66
5128,South West NHS Region,2017-02-01,1.65
5137,South West NHS Region,2017-03-01,1.64
5146,South West NHS Region,2017-04-01,1.62
5155,South West NHS Region,2017-05-01,1.62
5164,South West NHS Region,2017-06-01,1.62
5173,South West NHS Region,2017-07-01,1.62
5182,South West NHS Region,2017-08-01,1.62
5191,South West NHS Region,2017-09-01,1.62
5200,South West NHS Region,2017-10-01,1.62
5209,South West NHS Region,2017-11-01,1.61
5218,South West NHS Region,2017-12-01,1.6
5227,South West NHS Region,2018-01-01,1.6
5236,South West NHS Region,2018-02-01,1.59
5245,South West NHS Region,2018-03-01,1.58
5254,South West NHS Region,2018-04-01,1.59
5263,South West NHS Region,2018-05-01,1.58
5272,South West NHS Region,2018-06-01,1.57
5281,South West NHS Region,2018-07-01,1.56
5290,South West NHS Region,2018-08-01,1.55
5299,South West NHS Region,2018-09-01,1.54
5308,South West NHS Region,2018-10-01,1.54
5317,South West NHS Region,2018-11-01,1.53
5326,South West NHS Region,2018-12-01,1.52
5335,South West NHS Region,2019-01-01,1.49
5344,South West NHS Region,2019-02-01,1.49
5353,South West NHS Region,2019-03-01,1.48
5362,South West NHS Region,2019-04-01,1.47
5371,South West NHS Region,2019-05-01,1.47
5380,South West NHS Region,2019-06-01,1.46
5389,South West NHS Region,2019-07-01,1.46
5398,South West NHS Region,2019-08-01,1.46
5407,South West NHS Region,2019-09-01,1.46
5416,South West NHS Region,2019-10-01,1.45
5425,South West NHS Region,2019-11-01,1.45
5434,South West NHS Region,2019-12-01,1.46
5443,South West NHS Region,2020-01-01,1.45
5452,South West NHS Region,2020-02-01,1.45
5461,South West NHS Region,2020-03-01,1.45
5470,South West NHS Region,2020-04-01,1.45
5479,South West NHS Region,2020-05-01,1.42
5488,South West NHS Region,2020-06-01,1.41
5497,South West NHS Region,2020-07-01,1.39
5506,South West NHS Region,2020-08-01,1.37
5515,South West NHS Region,2020-09-01,1.36
5524,South West NHS Region,2020-10-01,1.34
5533,South West NHS Region,2020-11-01,1.32
5542,South West NHS Region,2020-12-01,1.28
5551,South West NHS Region,2021-01-01,1.22
5560,South West NHS Region,2021-02-01,1.19
5569,South West NHS Region,2021-03-01,1.16
5578,South West NHS Region,2021-04-01,1.14
5587,South West NHS Region,2021-05-01,1.14
5596,South West NHS Region,2021-06-01,1.15
5605,South West NHS Region,2021-07-01,1.16
5614,South West NHS Region,2021-08-01,1.17
5623,South West NHS Region,2021-09-01,1.18
5632,South West NHS Region,2021-10-01,1.19
5641,South West NHS Region,2021-11-01,1.22
5650,South West NHS Region,2021-12-01,1.25
5659,South West NHS Region,2022-01-01,1.25
5668,South West NHS Region,2022-02-01,1.26
5677,South West NHS Region,2022-03-01,1.28
5686,South West NHS Region,2022-04-01,1.3
5695,South West NHS Region,2022-05-01,1.32
5704,South West NHS Region,2022-06-01,1.33
5713,South West NHS Region,2022-07-01,1.34
5722,South West NHS Region,2022-08-01,1.35
5731,South West NHS Region,2022-09-01,1.35
5740,South West NHS Region,2022-10-01,1.35
5749,South West NHS Region,2022-11-01,1.36
5758,South West NHS Region,2022-12-01,1.42
5767,South West NHS Region,2023-01-01,1.46
5776,South West NHS Region,2023-02-01,1.49
5785,South West NHS Region,2023-03-01,1.51
5794,South West NHS Region,2023-04-01,1.51
5803,South West NHS Region,2023-05-01,1.52
5812,South West NHS Region,2023-06-01,1.52
5821,South West NHS Region,2023-07-01,1.52
5830,South West NHS Region,2023-08-01,1.52
5839,South West NHS Region,2023-09-01,1.52
5848,South West NHS Region,2023-10-01,1.52
5857,South West NHS Region,2023-11-01,1.52
5866,South West NHS Region,2023-12-01,1.47
5875,South West NHS Region,2024-01-01,1.46
5884,South West NHS Region,2024-02-01,1.46
5893,South West NHS Region,2024-03-01,1.45
5902,South West NHS Region,2024-04-01,1.46
5911,South West NHS Region,2024-05-01,1.47
5920,South West NHS Region,2024-06-01,1.47
5929,South West NHS Region,2024-07-01,1.47
5938,South West NHS Region,2024-08-01,1.46
5947,South West NHS Region,2024-09-01,1.45
5956,South West NHS Region,2024-10-01,1.45
5965,South West NHS Region,2024-11-01,1.44
5974,South West NHS Region,2024-12-01,1.44
5983,South West NHS Region,2025-01-01,1.43
5992,South West NHS Region,2025-02-01,1.41
6001,South West NHS Region,2025-03-01,1.4
6010,South West NHS Region,2025-04-01,1.38
6019,South West NHS Region,2025-05-01,1.35
6028,South West NHS Region,2025-06-01,1.35
6579,South East NHS Region,2014-01-01,1.716250741
6586,South East NHS Region,2014-02-01,1.711886463
6593,South East NHS Region,2014-03-01,1.711242929
6600,South East NHS Region,2014-04-01,1.706827576
6607,South East NHS Region,2014-05-01,1.709424693
6614,South East NHS Region,2014-06-01,1.714821944
6621,South East NHS Region,2014-07-01,1.714017528
6628,South East NHS Region,2014-08-01,1.708714763
6635,South East NHS Region,2014-09-01,1.708954811
6642,South East NHS Region,2014-10-01,1.703442643
6649,South East NHS Region,2014-11-01,1.695157153
6656,South East NHS Region,2014-12-01,1.713150546
6663,South East NHS Region,2015-01-01,1.803578138
6674,South East NHS Region,2015-02-01,1.805189371
6685,South East NHS Region,2015-03-01,1.807850003
6696,South East NHS Region,2015-04-01,1.79794848
6707,South East NHS Region,2015-05-01,1.780407906
6718,South East NHS Region,2015-06-01,1.774457216
6729,South East NHS Region,2015-07-01,1.767300844
6740,South East NHS Region,2015-08-01,1.761726379
6751,South East NHS Region,2015-09-01,1.754801035
6762,South East NHS Region,2015-10-01,1.746327877
6773,South East NHS Region,2015-11-01,1.741216421
6784,South East NHS Region,2015-12-01,1.706910491
6795,South East NHS Region,2016-01-01,1.663553715
6808,South East NHS Region,2016-02-01,1.663828373
6821,South East NHS Region,2016-03-01,1.662499785
6834,South East NHS Region,2016-04-01,1.664275765
6847,South East NHS Region,2016-05-01,1.664427161
6860,South East NHS Region,2016-06-01,1.661835074
6873,South East NHS Region,2016-07-01,1.658658743
6886,South East NHS Region,2016-08-01,1.664009809
6899,South East NHS Region,2016-09-01,1.660758972
6912,South East NHS Region,2016-10-01,1.654313445
6925,South East NHS Region,2016-11-01,1.661740899
6938,South East NHS Region,2016-12-01,1.668564439
6951,South East NHS Region,2017-01-01,1.67
6964,South East NHS Region,2017-02-01,1.66
6977,South East NHS Region,2017-03-01,1.64
6990,South East NHS Region,2017-04-01,1.62
7003,South East NHS Region,2017-05-01,1.62
7016,South East NHS Region,2017-06-01,1.62
7029,South East NHS Region,2017-07-01,1.62
7042,South East NHS Region,2017-08-01,1.62
7055,South East NHS Region,2017-09-01,1.62
7068,South East NHS Region,2017-10-01,1.62
7081,South East NHS Region,2017-11-01,1.61
7094,South East NHS Region,2017-12-01,1.6
7107,South East NHS Region,2018-01-01,1.61
7120,South East NHS Region,2018-02-01,1.6
7133,South East NHS Region,2018-03-01,1.6
7146,South East NHS Region,2018-04-01,1.6
7159,South East NHS Region,2018-05-01,1.59
7172,South East NHS Region,2018-06-01,1.58
7185,South East NHS Region,2018-07-01,1.58
7198,South East NHS Region,2018-08-01,1.57
7211,South East NHS Region,2018-09-01,1.56
7224,South East NHS Region,2018-10-01,1.55
7237,South East NHS Region,2018-11-01,1.54
7250,South East NHS Region,2018-12-01,1.53
7263,South East NHS Region,2019-01-01,1.49
7276,South East NHS Region,2019-02-01,1.49
7289,South East NHS Region,2019-03-01,1.48
7302,South East NHS Region,2019-04-01,1.47
7315,South East NHS Region,2019-05-01,1.46
7328,South East NHS Region,2019-06-01,1.46
7341,South East NHS Region,2019-07-01,1.46
7354,South East NHS Region,2019-08-01,1.46
7367,South East NHS Region,2019-09-01,1.46
7380,South East NHS Region,2019-10-01,1.46
7393,South East NHS Region,2019-11-01,1.46
7406,South East NHS Region,2019-12-01,1.47
7419,South East NHS Region,2020-01-01,1.46
7432,South East NHS Region,2020-02-01,1.45
7445,South East NHS Region,2020-03-01,1.46
7458,South East NHS Region,2020-04-01,1.45
7471,South East NHS Region,2020-05-01,1.43
7484,South East NHS Region,2020-06-01,1.42
7497,South East NHS Region,2020-07-01,1.4
7510,South East NHS Region,2020-08-01,1.38
7523,South East NHS Region,2020-09-01,1.37
7536,South East NHS Region,2020-10-01,1.34
7549,South East NHS Region,2020-11-01,1.31
7562,South East NHS Region,2020-12-01,1.27
7575,South East NHS Region,2021-01-01,1.22
7588,South East NHS Region,2021-02-01,1.19
7601,South East NHS Region,2021-03-01,1.16
7614,South East NHS Region,2021-04-01,1.13
7627,South East NHS Region,2021-05-01,1.13
7640,South East NHS Region,2021-06-01,1.14
7653,South East NHS Region,2021-07-01,1.16
7666,South East NHS Region,2021-08-01,1.17
7679,South East NHS Region,2021-09-01,1.18
7692,South East NHS Region,2021-10-01,1.2
7705,South East NHS Region,2021-11-01,1.23
7718,South East NHS Region,2021-12-01,1.26
7731,South East NHS Region,2022-01-01,1.26
7744,South East NHS Region,2022-02-01,1.28
7757,South East NHS Region,2022-03-01,1.3
7770,South East NHS Region,2022-04-01,1.32
7783,South East NHS Region,2022-05-01,1.34
7796,South East NHS Region,2022-06-01,1.35
7809,South East NHS Region,2022-07-01,1.35
7822,South East NHS Region,2022-08-01,1.36
7835,South East NHS Region,2022-09-01,1.36
7848,South East NHS Region,2022-10-01,1.36
7861,South East NHS Region,2022-11-01,1.37
7874,South East NHS Region,2022-12-01,1.44
7887,South East NHS Region,2023-01-01,1.48
7900,South East NHS Region,2023-02-01,1.5
7913,South East NHS Region,2023-03-01,1.53
7926,South East NHS Region,2023-04-01,1.53
7939,South East NHS Region,2023-05-01,1.54
7952,South East NHS Region,2023-06-01,1.54
7965,South East NHS Region,2023-07-01,1.54
7978,South East NHS Region,2023-08-01,1.54
7991,South East NHS Region,2023-09-01,1.54
8004,South East NHS Region,2023-10-01,1.54
8017,South East NHS Region,2023-11-01,1.53
8030,South East NHS Region,2023-12-01,1.48
8043,South East NHS Region,2024-01-01,1.47
8056,South East NHS Region,2024-02-01,1.47
8069,South East NHS Region,2024-03-01,1.47
8082,South East NHS Region,2024-04-01,1.48
8095,South East NHS Region,2024-05-01,1.48
8108,South East NHS Region,2024-06-01,1.48
8121,South East NHS Region,2024-07-01,1.48
8134,South East NHS Region,2024-08-01,1.47
8147,South East NHS Region,2024-09-01,1.46
8160,South East NHS Region,2024-10-01,1.46
8173,South East NHS Region,2024-11-01,1.45
8186,South East NHS Region,2024-12-01,1.45
8199,South East NHS Region,2025-01-01,1.44
8212,South East NHS Region,2025-02-01,1.42
8225,South East NHS Region,2025-03-01,1.4
8238,South East NHS Region,2025-04-01,1.38
8251,South East NHS Region,2025-05-01,1.36
8264,South East NHS Region,2025-06-01,1.35
8985,South East NHS Region,2015-01-01,1.129273415
8996,South East NHS Region,2015-02-01,1.12858808
9007,South East NHS Region,2015-03-01,1.128783345
9018,South East NHS Region,2015-04-01,1.121145487
9029,South East NHS Region,2015-05-01,1.108682275
9040,South East NHS Region,2015-06-01,1.10397625
9051,South East NHS Region,2015-07-01,1.098353028
9062,South East NHS Region,2015-08-01,1.093547344
9073,South East NHS Region,2015-09-01,1.088104606
9084,South East NHS Region,2015-10-01,1.081725001
9095,South East NHS Region,2015-11-01,1.077649593
9106,South East NHS Region,2015-12-01,1.055551052
9117,South East NHS Region,2016-01-01,1.036897898
9130,South East NHS Region,2016-02-01,1.036237717
9143,South East NHS Region,2016-03-01,1.034311771
9156,South East NHS Region,2016-04-01,1.034524798
9169,South East NHS Region,2016-05-01,1.033735514
9182,South East NHS Region,2016-06-01,1.031426072
9195,South East NHS Region,2016-07-01,1.028519869
9208,South East NHS Region,2016-08-01,1.031073213
9221,South East NHS Region,2016-09-01,1.028275371
9234,South East NHS Region,2016-10-01,1.023147464
9247,South East NHS Region,2016-11-01,1.02668643
9260,South East NHS Region,2016-12-01,1.029612184
9273,South East NHS Region,2017-01-01,1.04
9286,South East NHS Region,2017-02-01,1.03
9299,South East NHS Region,2017-03-01,1.01
9312,South East NHS Region,2017-04-01,1.0
9325,South East NHS Region,2017-05-01,1.0
9338,South East NHS Region,2017-06-01,1.0
9351,South East NHS Region,2017-07-01,1.0
9364,South East NHS Region,2017-08-01,1.0
9377,South East NHS Region,2017-09-01,1.0
9390,South East NHS Region,2017-10-01,0.99
9403,South East NHS Region,2017-11-01,0.99
9416,South East NHS Region,2017-12-01,0.98
9429,South East NHS Region,2018-01-01,0.99
9442,South East NHS Region,2018-02-01,0.99
9455,South East NHS Region,2018-03-01,0.98
9468,South East NHS Region,2018-04-01,0.98
9481,South East NHS Region,2018-05-01,0.97
9494,South East NHS Region,2018-06-01,0.97
9507,South East NHS Region,2018-07-01,0.96
9520,South East NHS Region,2018-08-01,0.95
9533,South East NHS Region,2018-09-01,0.96
9546,South East NHS Region,2018-10-01,0.94
9559,South East NHS Region,2018-11-01,0.94
9572,South East NHS Region,2018-12-01,0.93
9585,South East NHS Region,2019-01-01,0.91339
9598,South East NHS Region,2019-02-01,0.91026
9611,South East NHS Region,2019-03-01,0.91113
9624,South East NHS Region,2019-04-01,0.90652
9637,South East NHS Region,2019-05-01,0.90131
9650,South East NHS Region,2019-06-01,0.8965
9663,South East NHS Region,2019-07-01,0.89566
9676,South East NHS Region,2019-08-01,0.89371
9689,South East NHS Region,2019-09-01,0.89185
9702,South East NHS Region,2019-10-01,0.88973
9715,South East NHS Region,2019-11-01,0.89032
9728,South East NHS Region,2019-12-01,0.89492
9741,South East NHS Region,2020-01-01,0.89
9754,South East NHS Region,2020-02-01,0.89
9767,South East NHS Region,2020-03-01,0.89
9780,South East NHS Region,2020-04-01,0.85
9793,South East NHS Region,2020-05-01,0.83
9806,South East NHS Region,2020-06-01,0.86
9819,South East NHS Region,2020-07-01,0.81
9832,South East NHS Region,2020-08-01,0.8
9845,South East NHS Region,2020-09-01,0.83
9858,South East NHS Region,2020-10-01,0.78
9871,South East NHS Region,2020-11-01,0.76
9884,South East NHS Region,2020-12-01,0.78
9897,South East NHS Region,2021-01-01,0.71
9910,South East NHS Region,2021-02-01,0.69
9923,South East NHS Region,2021-03-01,0.71
9936,South East NHS Region,2021-04-01,0.66
9949,South East NHS Region,2021-05-01,0.66
9962,South East NHS Region,2021-06-01,0.7
9975,South East NHS Region,2021-07-01,0.68
9988,South East NHS Region,2021-08-01,0.68
10001,South East NHS Region,2021-09-01,0.72
10014,South East NHS Region,2021-10-01,0.7
10027,South East NHS Region,2021-11-01,0.72
10040,South East NHS Region,2021-12-01,0.76
10053,South East NHS Region,2022-01-01,0.74
10066,South East NHS Region,2022-02-01,0.75
10079,South East NHS Region,2022-03-01,0.79
10092,South East NHS Region,2022-04-01,0.81
10105,South East NHS Region,2022-05-01,0.82
10118,South East NHS Region,2022-06-01,0.82
10131,South East NHS Region,2022-07-01,0.82
10144,South East NHS Region,2022-08-01,0.82
10157,South East NHS Region,2022-09-01,0.82
10170,South East NHS Region,2022-10-01,0.82
10183,South East NHS Region,2022-11-01,0.83
10196,South East NHS Region,2022-12-01,0.86
10209,South East NHS Region,2023-01-01,0.89
10222,South East NHS Region,2023-02-01,0.9
10235,South East NHS Region,2023-03-01,0.91
10248,South East NHS Region,2023-04-01,0.91
10261,South East NHS Region,2023-05-01,0.92
10274,South East NHS Region,2023-06-01,0.92
10287,South East NHS Region,2023-07-01,0.92
10300,South East NHS Region,2023-08-01,0.92
10313,South East NHS Region,2023-09-01,0.92
10326,South East NHS Region,2023-10-01,0.92
10339,South East NHS Region,2023-11-01,0.92
10352,South East NHS Region,2023-12-01,0.88
10365,South East NHS Region,2024-01-01,0.88
10378,South East NHS Region,2024-02-01,0.88
10391,South East NHS Region,2024-03-01,0.87
10404,South East NHS Region,2024-04-01,0.88
10417,South East NHS Region,2024-05-01,0.88
10430,South East NHS Region,2024-06-01,0.88
10443,South East NHS Region,2024-07-01,0.88
10456,South East NHS Region,2024-08-01,0.87
10469,South East NHS Region,2024-09-01,0.87
10482,South East NHS Region,2024-10-01,0.87
10495,South East NHS Region,2024-11-01,0.86
10508,South East NHS Region,2024-12-01,0.86
10521,South East NHS Region,2025-01-01,0.85
10534,South East NHS Region,2025-02-01,0.84
10547,South East NHS Region,2025-03-01,0.83
10560,South East NHS Region,2025-04-01,0.82
10573,South East NHS Region,2025-05-01,0.8
10586,South East NHS Region,2025-06-01,0.8
11173,South East NHS Region,2014-01-01,11.38478738
11184,South East NHS Region,2014-02-01,11.41290383
11195,South East NHS Region,2014-03-01,11.41581312
11206,South East NHS Region,2014-04-01,11.40915354
11217,South East NHS Region,2014-05-01,11.3826973
11228,South East NHS Region,2014-06-01,11.35621917
11239,South East NHS Region,2014-07-01,11.35875456
11250,South East NHS Region,2014-08-01,11.33877654
11261,South East NHS Region,2014-09-01,11.31764014
11272,South East NHS Region,2014-10-01,11.30360692
11283,South East NHS Region,2014-11-01,11.26528369
11294,South East NHS Region,2014-12-01,11.13239237
11305,South East NHS Region,2015-01-01,11.12530327
11316,South East NHS Region,2015-02-01,11.05606747
11327,South East NHS Region,2015-03-01,10.99197769
11338,South East NHS Region,2015-04-01,10.95685863
11349,South East NHS Region,2015-05-01,10.92055798
11360,South East NHS Region,2015-06-01,10.87635708
11371,South East NHS Region,2015-07-01,10.81737041
11382,South East NHS Region,2015-08-01,10.74018383
11393,South East NHS Region,2015-09-01,10.64265633
11404,South East NHS Region,2015-10-01,10.53649616
11415,South East NHS Region,2015-11-01,10.46657085
11426,South East NHS Region,2015-12-01,10.49489021
11437,South East NHS Region,2016-01-01,10.42135239
11450,South East NHS Region,2016-02-01,10.31126213
11463,South East NHS Region,2016-03-01,10.17339611
11476,South East NHS Region,2016-04-01,10.07959366
11489,South East NHS Region,2016-05-01,9.981942177
11502,South East NHS Region,2016-06-01,9.9058218
11515,South East NHS Region,2016-07-01,9.820290565
11528,South East NHS Region,2016-08-01,9.751300812
11541,South East NHS Region,2016-09-01,9.73352623
11554,South East NHS Region,2016-10-01,9.697590828
11567,South East NHS Region,2016-11-01,9.633068085
11580,South East NHS Region,2016-12-01,9.540862083
11593,South East NHS Region,2017-01-01,9.49
11606,South East NHS Region,2017-02-01,9.5
11619,South East NHS Region,2017-03-01,9.58
11632,South East NHS Region,2017-04-01,9.58
11645,South East NHS Region,2017-05-01,9.58
11658,South East NHS Region,2017-06-01,9.58
11671,South East NHS Region,2017-07-01,9.59
11684,South East NHS Region,2017-08-01,9.58
11697,South East NHS Region,2017-09-01,9.55
11710,South East NHS Region,2017-10-01,9.56
11723,South East NHS Region,2017-11-01,9.57
11736,South East NHS Region,2017-12-01,9.56
11749,South East NHS Region,2018-01-01,9.43
11762,South East NHS Region,2018-02-01,9.42
11775,South East NHS Region,2018-03-01,9.39
11788,South East NHS Region,2018-04-01,9.38
11801,South East NHS Region,2018-05-01,9.37
11814,South East NHS Region,2018-06-01,9.36
11827,South East NHS Region,2018-07-01,9.34
11840,South East NHS Region,2018-08-01,9.36
11853,South East NHS Region,2018-09-01,9.39
11866,South East NHS Region,2018-10-01,9.4
11879,South East NHS Region,2018-11-01,9.44
11892,South East NHS Region,2018-12-01,9.52
11905,South East NHS Region,2019-01-01,9.58
11918,South East NHS Region,2019-02-01,9.6
11931,South East NHS Region,2019-03-01,9.64
11944,South East NHS Region,2019-04-01,9.65
11957,South East NHS Region,2019-05-01,9.67
11970,South East NHS Region,2019-06-01,9.68
11983,South East NHS Region,2019-07-01,9.66
11996,South East NHS Region,2019-08-01,9.62
12009,South East NHS Region,2019-09-01,9.57
12022,South East NHS Region,2019-10-01,9.54
12035,South East NHS Region,2019-11-01,9.49
12048,South East NHS Region,2019-12-01,9.41
12061,South East NHS Region,2020-01-01,9.39
12074,South East NHS Region,2020-02-01,9.38
12087,South East NHS Region,2020-03-01,9.35
12100,South East NHS Region,2020-04-01,9.48
12113,South East NHS Region,2020-05-01,9.57
12126,South East NHS Region,2020-06-01,9.67
12139,South East NHS Region,2020-07-01,9.77
12152,South East NHS Region,2020-08-01,9.81
12165,South East NHS Region,2020-09-01,9.86
12178,South East NHS Region,2020-10-01,10.0
12191,South East NHS Region,2020-11-01,10.19
12204,South East NHS Region,2020-12-01,10.49
12217,South East NHS Region,2021-01-01,10.76
12230,South East NHS Region,2021-02-01,11.03
12243,South East NHS Region,2021-03-01,11.28
12256,South East NHS Region,2021-04-01,11.28
12269,South East NHS Region,2021-05-01,11.22
12282,South East NHS Region,2021-06-01,11.1
12295,South East NHS Region,2021-07-01,10.99
12308,South East NHS Region,2021-08-01,10.95
12321,South East NHS Region,2021-09-01,10.86
12334,South East NHS Region,2021-10-01,10.65
12347,South East NHS Region,2021-11-01,10.43
12360,South East NHS Region,2021-12-01,10.21
12373,South East NHS Region,2022-01-01,10.07
12386,South East NHS Region,2022-02-01,9.91
12399,South East NHS Region,2022-03-01,9.72
12412,South East NHS Region,2022-04-01,9.58
12425,South East NHS Region,2022-05-01,9.48
12438,South East NHS Region,2022-06-01,9.39
12451,South East NHS Region,2022-07-01,9.3
12464,South East NHS Region,2022-08-01,9.25
12477,South East NHS Region,2022-09-01,9.24
12490,South East NHS Region,2022-10-01,9.2
12503,South East NHS Region,2022-11-01,9.12
12516,South East NHS Region,2022-12-01,8.86
12529,South East NHS Region,2023-01-01,8.71
12542,South East NHS Region,2023-02-01,8.6
12555,South East NHS Region,2023-03-01,8.52
12568,South East NHS Region,2023-04-01,8.5
12581,South East NHS Region,2023-05-01,8.47
12594,South East NHS Region,2023-06-01,8.46
12607,South East NHS Region,2023-07-01,8.48
12620,South East NHS Region,2023-08-01,8.47
12633,South East NHS Region,2023-09-01,8.45
12646,South East NHS Region,2023-10-01,8.46
12659,South East NHS Region,2023-11-01,8.43
12672,South East NHS Region,2023-12-01,8.52
12685,South East NHS Region,2024-01-01,8.48
12698,South East NHS Region,2024-02-01,8.43
12711,South East NHS Region,2024-03-01,8.37
12724,South East NHS Region,2024-04-01,8.29
12737,South East NHS Region,2024-05-01,8.23
12750,South East NHS Region,2024-06-01,8.19
12763,South East NHS Region,2024-07-01,8.15
12776,South East NHS Region,2024-08-01,8.12
12789,South East NHS Region,2024-09-01,8.09
12802,South East NHS Region,2024-10-01,8.06
12815,South East NHS Region,2024-11-01,8.05
12828,South East NHS Region,2024-12-01,8.04
12841,South East NHS Region,2025-01-01,8.06
12854,South East NHS Region,2025-02-01,8.09
12867,South East NHS Region,2025-03-01,8.15
12880,South East NHS Region,2025-04-01,8.2
12893,South East NHS Region,2025-05-01,8.26
12906,South East NHS Region,2025-06-01,8.31
12919,South East NHS Region,2015-01-01,62.75840378
12930,South East NHS Region,2015-02-01,62.51892853
12941,South East NHS Region,2015-03-01,62.31835938
12952,South East NHS Region,2015-04-01,62.06853867
12963,South East NHS Region,2015-05-01,61.78025055
12974,South East NHS Region,2015-06-01,61.50236893
12985,South East NHS Region,2015-07-01,61.19491577
12996,South East NHS Region,2015-08-01,60.94059753
13007,South East NHS Region,2015-09-01,60.66612625
13018,South East NHS Region,2015-10-01,60.38695145
13029,South East NHS Region,2015-11-01,60.0884552
13040,South East NHS Region,2015-12-01,59.90033722
13051,South East NHS Region,2016-01-01,59.86429977
13064,South East NHS Region,2016-02-01,59.81533051
13077,South East NHS Region,2016-03-01,59.7028389
13090,South East NHS Region,2016-04-01,59.56626511
13103,South East NHS Region,2016-05-01,59.37811661
13116,South East NHS Region,2016-06-01,59.19465256
13129,South East NHS Region,2016-07-01,59.00339508
13142,South East NHS Region,2016-08-01,58.79936981
13155,South East NHS Region,2016-09-01,58.54116058
13168,South East NHS Region,2016-10-01,58.27250671
13181,South East NHS Region,2016-11-01,57.99123001
13194,South East NHS Region,2016-12-01,57.64550018
13207,South East NHS Region,2017-01-01,57.23
13220,South East NHS Region,2017-02-01,56.73
13233,South East NHS Region,2017-03-01,56.08
13246,South East NHS Region,2017-04-01,55.4
13259,South East NHS Region,2017-05-01,54.54
13272,South East NHS Region,2017-06-01,53.47
13285,South East NHS Region,2017-07-01,52.25
13298,South East NHS Region,2017-08-01,50.87
13311,South East NHS Region,2017-09-01,49.36
13324,South East NHS Region,2017-10-01,47.76
13337,South East NHS Region,2017-11-01,46.18
13350,South East NHS Region,2017-12-01,44.69
13363,South East NHS Region,2018-01-01,43.09
13376,South East NHS Region,2018-02-01,41.77
13389,South East NHS Region,2018-03-01,40.29
13402,South East NHS Region,2018-04-01,39.08
13415,South East NHS Region,2018-05-01,37.92
13428,South East NHS Region,2018-06-01,36.84
13441,South East NHS Region,2018-07-01,35.85
13454,South East NHS Region,2018-08-01,34.92
13467,South East NHS Region,2018-09-01,34.13
13480,South East NHS Region,2018-10-01,33.4
13493,South East NHS Region,2018-11-01,32.77
13506,South East NHS Region,2018-12-01,32.2
13519,South East NHS Region,2019-01-01,31.63
13532,South East NHS Region,2019-02-01,31.16
13545,South East NHS Region,2019-03-01,30.69
13558,South East NHS Region,2019-04-01,30.23
13571,South East NHS Region,2019-05-01,29.81
13584,South East NHS Region,2019-06-01,29.47
13597,South East NHS Region,2019-07-01,29.22
13610,South East NHS Region,2019-08-01,28.97
13623,South East NHS Region,2019-09-01,28.75
13636,South East NHS Region,2019-10-01,28.57
13649,South East NHS Region,2019-11-01,28.43
13662,South East NHS Region,2019-12-01,28.28
13675,South East NHS Region,2020-01-01,28.14
13688,South East NHS Region,2020-02-01,28.01
13701,South East NHS Region,2020-03-01,27.95
13714,South East NHS Region,2020-04-01,27.94
13727,South East NHS Region,2020-05-01,27.96
13740,South East NHS Region,2020-06-01,27.96
13753,South East NHS Region,2020-07-01,27.89
13766,South East NHS Region,2020-08-01,27.87
13779,South East NHS Region,2020-09-01,27.82
13792,South East NHS Region,2020-10-01,27.78
13805,South East NHS Region,2020-11-01,27.72
13818,South East NHS Region,2020-12-01,27.73
13831,South East NHS Region,2021-01-01,27.71
13844,South East NHS Region,2021-02-01,27.7
13857,South East NHS Region,2021-03-01,27.66
13870,South East NHS Region,2021-04-01,27.59
13883,South East NHS Region,2021-05-01,27.53
13896,South East NHS Region,2021-06-01,27.49
13909,South East NHS Region,2021-07-01,27.46
13922,South East NHS Region,2021-08-01,27.39
13935,South East NHS Region,2021-09-01,27.34
13948,South East NHS Region,2021-10-01,27.33
13961,South East NHS Region,2021-11-01,27.27
13974,South East NHS Region,2021-12-01,27.22
13987,South East NHS Region,2022-01-01,27.18
14000,South East NHS Region,2022-02-01,27.15
14013,South East NHS Region,2022-03-01,27.12
14026,South East NHS Region,2022-04-01,27.15
14039,South East NHS Region,2022-05-01,27.13
14052,South East NHS Region,2022-06-01,27.09
14065,South East NHS Region,2022-07-01,27.09
14078,South East NHS Region,2022-08-01,27.08
14091,South East NHS Region,2022-09-01,27.03
14104,South East NHS Region,2022-10-01,27.01
14117,South East NHS Region,2022-11-01,27.02
14130,South East NHS Region,2022-12-01,27.03
14143,South East NHS Region,2023-01-01,27.08
14156,South East NHS Region,2023-02-01,27.17
14169,South East NHS Region,2023-03-01,27.25
14182,South East NHS Region,2023-04-01,27.25
14195,South East NHS Region,2023-05-01,27.23
14208,South East NHS Region,2023-06-01,27.24
14221,South East NHS Region,2023-07-01,27.22
14234,South East NHS Region,2023-08-01,27.22
14247,South East NHS Region,2023-09-01,27.31
14260,South East NHS Region,2023-10-01,27.3
14273,South East NHS Region,2023-11-01,27.34
14286,South East NHS Region,2023-12-01,27.37
14299,South East NHS Region,2024-01-01,27.47
14312,South East NHS Region,2024-02-01,27.57
14325,South East NHS Region,2024-03-01,27.72
14338,South East NHS Region,2024-04-01,27.94
14351,South East NHS Region,2024-05-01,28.2
14364,South East NHS Region,2024-06-01,28.44
14377,South East NHS Region,2024-07-01,28.74
14390,South East NHS Region,2024-08-01,29.06
14403,South East NHS Region,2024-09-01,29.32
14416,South East NHS Region,2024-10-01,29.64
14429,South East NHS Region,2024-11-01,29.94
14442,South East NHS Region,2024-12-01,30.22
14455,South East NHS Region,2025-01-01,30.44
14468,South East NHS Region,2025-02-01,30.64
14481,South East NHS Region,2025-03-01,30.78
14494,South East NHS Region,2025-04-01,30.84
14507,South East NHS Region,2025-05-01,30.86
14520,South East NHS Region,2025-06-01,30.92
14533,North West NHS Region,2014-01-01,2.046673121
14560,North West NHS Region,2014-02-01,2.039895785
14587,North West NHS Region,2014-03-01,2.043896034
14614,North West NHS Region,2014-04-01,2.043246127
14641,North West NHS Region,2014-05-01,2.045994412
14668,North West NHS Region,2014-06-01,2.058605579
14695,North West NHS Region,2014-07-01,2.061922939
14722,North West NHS Region,2014-08-01,2.059985761
14749,North West NHS Region,2014-09-01,2.065313232
14776,North West NHS Region,2014-10-01,2.067363296
14803,North West NHS Region,2014-11-01,2.06502103
14830,North West NHS Region,2014-12-01,2.095492328
14857,North West NHS Region,2015-01-01,2.062814713
14885,North West NHS Region,2015-02-01,2.059139252
14913,North West NHS Region,2015-03-01,2.062938452
14941,North West NHS Region,2015-04-01,2.056638479
14969,North West NHS Region,2015-05-01,2.042318106
14997,North West NHS Region,2015-06-01,2.039151192
15025,North West NHS Region,2015-07-01,2.033713579
15053,North West NHS Region,2015-08-01,2.027756929
15081,North West NHS Region,2015-09-01,2.01625824
15109,North West NHS Region,2015-10-01,2.002866268
15137,North West NHS Region,2015-11-01,1.998778105
15165,North West NHS Region,2015-12-01,1.957541466
15193,North West NHS Region,2016-01-01,1.919789076
15221,North West NHS Region,2016-02-01,1.924162507
15249,North West NHS Region,2016-03-01,1.922151208
15277,North West NHS Region,2016-04-01,1.921569705
15305,North West NHS Region,2016-05-01,1.919914842
15333,North West NHS Region,2016-06-01,1.913439274
15361,North West NHS Region,2016-07-01,1.908944368
15389,North West NHS Region,2016-08-01,1.918153405
15417,North West NHS Region,2016-09-01,1.917402387
15445,North West NHS Region,2016-10-01,1.914472938
15473,North West NHS Region,2016-11-01,1.924574494
15501,North West NHS Region,2016-12-01,1.927427411
15529,North West NHS Region,2017-01-01,1.93
15558,North West NHS Region,2017-02-01,1.91
15587,North West NHS Region,2017-03-01,1.89
15616,North West NHS Region,2017-04-01,1.87
15645,North West NHS Region,2017-05-01,1.86
15674,North West NHS Region,2017-06-01,1.86
15703,North West NHS Region,2017-07-01,1.86
15732,North West NHS Region,2017-08-01,1.85
15761,North West NHS Region,2017-09-01,1.85
15790,North West NHS Region,2017-10-01,1.85
15819,North West NHS Region,2017-11-01,1.84
15848,North West NHS Region,2017-12-01,1.83
15877,North West NHS Region,2018-01-01,1.83
15906,North West NHS Region,2018-02-01,1.83
15935,North West NHS Region,2018-03-01,1.83
15964,North West NHS Region,2018-04-01,1.84
15993,North West NHS Region,2018-05-01,1.84
16022,North West NHS Region,2018-06-01,1.83
16051,North West NHS Region,2018-07-01,1.82
16080,North West NHS Region,2018-08-01,1.81
16109,North West NHS Region,2018-09-01,1.8
16138,North West NHS Region,2018-10-01,1.8
16167,North West NHS Region,2018-11-01,1.79
16196,North West NHS Region,2018-12-01,1.77
16225,North West NHS Region,2019-01-01,1.74
16254,North West NHS Region,2019-02-01,1.73
16283,North West NHS Region,2019-03-01,1.71
16312,North West NHS Region,2019-04-01,1.71
16341,North West NHS Region,2019-05-01,1.7
16370,North West NHS Region,2019-06-01,1.7
16399,North West NHS Region,2019-07-01,1.7
16428,North West NHS Region,2019-08-01,1.7
16457,North West NHS Region,2019-09-01,1.71
16486,North West NHS Region,2019-10-01,1.7
16515,North West NHS Region,2019-11-01,1.71
16544,North West NHS Region,2019-12-01,1.73
16573,North West NHS Region,2020-01-01,1.71
16602,North West NHS Region,2020-02-01,1.71
16631,North West NHS Region,2020-03-01,1.72
16660,North West NHS Region,2020-04-01,1.71
16689,North West NHS Region,2020-05-01,1.68
16718,North West NHS Region,2020-06-01,1.66
16747,North West NHS Region,2020-07-01,1.64
16776,North West NHS Region,2020-08-01,1.61
16805,North West NHS Region,2020-09-01,1.6
16834,North West NHS Region,2020-10-01,1.57
16863,North West NHS Region,2020-11-01,1.54
16892,North West NHS Region,2020-12-01,1.49
16921,North West NHS Region,2021-01-01,1.43
16950,North West NHS Region,2021-02-01,1.39
16979,North West NHS Region,2021-03-01,1.36
17008,North West NHS Region,2021-04-01,1.35
17037,North West NHS Region,2021-05-01,1.35
17066,North West NHS Region,2021-06-01,1.37
17095,North West NHS Region,2021-07-01,1.39
17124,North West NHS Region,2021-08-01,1.4
17153,North West NHS Region,2021-09-01,1.42
17182,North West NHS Region,2021-10-01,1.45
17211,North West NHS Region,2021-11-01,1.49
17240,North West NHS Region,2021-12-01,1.53
17269,North West NHS Region,2022-01-01,1.53
17298,North West NHS Region,2022-02-01,1.55
17327,North West NHS Region,2022-03-01,1.58
17356,North West NHS Region,2022-04-01,1.61
17385,North West NHS Region,2022-05-01,1.63
17414,North West NHS Region,2022-06-01,1.64
17443,North West NHS Region,2022-07-01,1.65
17472,North West NHS Region,2022-08-01,1.66
17501,North West NHS Region,2022-09-01,1.65
17530,North West NHS Region,2022-10-01,1.65
17559,North West NHS Region,2022-11-01,1.65
17588,North West NHS Region,2022-12-01,1.72
17617,North West NHS Region,2023-01-01,1.77
17646,North West NHS Region,2023-02-01,1.8
17675,North West NHS Region,2023-03-01,1.81
17704,North West NHS Region,2023-04-01,1.81
17733,North West NHS Region,2023-05-01,1.81
17762,North West NHS Region,2023-06-01,1.81
17791,North West NHS Region,2023-07-01,1.8
17820,North West NHS Region,2023-08-01,1.81
17849,North West NHS Region,2023-09-01,1.81
17878,North West NHS Region,2023-10-01,1.81
17907,North West NHS Region,2023-11-01,1.8
17936,North West NHS Region,2023-12-01,1.74
17965,North West NHS Region,2024-01-01,1.74
17994,North West NHS Region,2024-02-01,1.74
18023,North West NHS Region,2024-03-01,1.73
18052,North West NHS Region,2024-04-01,1.74
18081,North West NHS Region,2024-05-01,1.74
18110,North West NHS Region,2024-06-01,1.74
18139,North West NHS Region,2024-07-01,1.74
18168,North West NHS Region,2024-08-01,1.72
18197,North West NHS Region,2024-09-01,1.71
18226,North West NHS Region,2024-10-01,1.7
18255,North West NHS Region,2024-11-01,1.68
18284,North West NHS Region,2024-12-01,1.67
18313,North West NHS Region,2025-01-01,1.65
18342,North West NHS Region,2025-02-01,1.62
18371,North West NHS Region,2025-03-01,1.6
18400,North West NHS Region,2025-04-01,1.58
18429,North West NHS Region,2025-05-01,1.56
18458,North West NHS Region,2025-06-01,1.55
18487,North East and Yorkshire NHS Region,2014-01-01,1.971133167
18507,North East and Yorkshire NHS Region,2014-02-01,1.964892114
18527,North East and Yorkshire NHS Region,2014-03-01,1.965738081
18547,North East and Yorkshire NHS Region,2014-04-01,1.961384778
18567,North East and Yorkshire NHS Region,2014-05-01,1.959847183
18587,North East and Yorkshire NHS Region,2014-06-01,1.97001952
18607,North East and Yorkshire NHS Region,2014-07-01,1.972520764
18627,North East and Yorkshire NHS Region,2014-08-01,1.968226303
18647,North East and Yorkshire NHS Region,2014-09-01,1.974790983
18667,North East and Yorkshire NHS Region,2014-10-01,1.976279382
18687,North East and Yorkshire NHS Region,2014-11-01,1.974879727
18707,North East and Yorkshire NHS Region,2014-12-01,2.001705642
18727,North East and Yorkshire NHS Region,2015-01-01,2.028870138
18751,North East and Yorkshire NHS Region,2015-02-01,2.026634478
18775,North East and Yorkshire NHS Region,2015-03-01,2.03351626
18799,North East and Yorkshire NHS Region,2015-04-01,2.027959365
18823,North East and Yorkshire NHS Region,2015-05-01,2.014402858
18847,North East and Yorkshire NHS Region,2015-06-01,2.008362137
18871,North East and Yorkshire NHS Region,2015-07-01,1.997798765
18895,North East and Yorkshire NHS Region,2015-08-01,1.990004129
18919,North East and Yorkshire NHS Region,2015-09-01,1.975935355
18943,North East and Yorkshire NHS Region,2015-10-01,1.960646784
18967,North East and Yorkshire NHS Region,2015-11-01,1.95147489
18991,North East and Yorkshire NHS Region,2015-12-01,1.913210282
19015,North East and Yorkshire NHS Region,2016-01-01,1.870241476
19040,North East and Yorkshire NHS Region,2016-02-01,1.869675549
19065,North East and Yorkshire NHS Region,2016-03-01,1.861219007
19090,North East and Yorkshire NHS Region,2016-04-01,1.85914819
19115,North East and Yorkshire NHS Region,2016-05-01,1.858700287
19140,North East and Yorkshire NHS Region,2016-06-01,1.855702932
19165,North East and Yorkshire NHS Region,2016-07-01,1.850025351
19190,North East and Yorkshire NHS Region,2016-08-01,1.858121936
19215,North East and Yorkshire NHS Region,2016-09-01,1.857871503
19240,North East and Yorkshire NHS Region,2016-10-01,1.85381095
19265,North East and Yorkshire NHS Region,2016-11-01,1.865428969
19290,North East and Yorkshire NHS Region,2016-12-01,1.870968583
19315,North East and Yorkshire NHS Region,2017-01-01,1.88
19340,North East and Yorkshire NHS Region,2017-02-01,1.87
19365,North East and Yorkshire NHS Region,2017-03-01,1.86
19390,North East and Yorkshire NHS Region,2017-04-01,1.84
19415,North East and Yorkshire NHS Region,2017-05-01,1.84
19440,North East and Yorkshire NHS Region,2017-06-01,1.83
19465,North East and Yorkshire NHS Region,2017-07-01,1.83
19490,North East and Yorkshire NHS Region,2017-08-01,1.83
19515,North East and Yorkshire NHS Region,2017-09-01,1.83
19540,North East and Yorkshire NHS Region,2017-10-01,1.82
19565,North East and Yorkshire NHS Region,2017-11-01,1.81
19590,North East and Yorkshire NHS Region,2017-12-01,1.8
19615,North East and Yorkshire NHS Region,2018-01-01,1.8
19640,North East and Yorkshire NHS Region,2018-02-01,1.79
19665,North East and Yorkshire NHS Region,2018-03-01,1.78
19690,North East and Yorkshire NHS Region,2018-04-01,1.78
19715,North East and Yorkshire NHS Region,2018-05-01,1.77
19740,North East and Yorkshire NHS Region,2018-06-01,1.76
19765,North East and Yorkshire NHS Region,2018-07-01,1.75
19790,North East and Yorkshire NHS Region,2018-08-01,1.75
19815,North East and Yorkshire NHS Region,2018-09-01,1.73
19840,North East and Yorkshire NHS Region,2018-10-01,1.73
19865,North East and Yorkshire NHS Region,2018-11-01,1.73
19890,North East and Yorkshire NHS Region,2018-12-01,1.71
19915,North East and Yorkshire NHS Region,2019-01-01,1.69
19940,North East and Yorkshire NHS Region,2019-02-01,1.68
19965,North East and Yorkshire NHS Region,2019-03-01,1.67
19990,North East and Yorkshire NHS Region,2019-04-01,1.67
20015,North East and Yorkshire NHS Region,2019-05-01,1.66
20040,North East and Yorkshire NHS Region,2019-06-01,1.65
20065,North East and Yorkshire NHS Region,2019-07-01,1.65
20090,North East and Yorkshire NHS Region,2019-08-01,1.65
20115,North East and Yorkshire NHS Region,2019-09-01,1.65
20140,North East and Yorkshire NHS Region,2019-10-01,1.65
20165,North East and Yorkshire NHS Region,2019-11-01,1.65
20190,North East and Yorkshire NHS Region,2019-12-01,1.67
20215,North East and Yorkshire NHS Region,2020-01-01,1.65
20240,North East and Yorkshire NHS Region,2020-02-01,1.65
20265,North East and Yorkshire NHS Region,2020-03-01,1.65
20290,North East and Yorkshire NHS Region,2020-04-01,1.64
20315,North East and Yorkshire NHS Region,2020-05-01,1.62
20340,North East and Yorkshire NHS Region,2020-06-01,1.6
20365,North East and Yorkshire NHS Region,2020-07-01,1.58
20390,North East and Yorkshire NHS Region,2020-08-01,1.56
20415,North East and Yorkshire NHS Region,2020-09-01,1.55
20440,North East and Yorkshire NHS Region,2020-10-01,1.52
20465,North East and Yorkshire NHS Region,2020-11-01,1.49
20490,North East and Yorkshire NHS Region,2020-12-01,1.45
20515,North East and Yorkshire NHS Region,2021-01-01,1.42
20540,North East and Yorkshire NHS Region,2021-02-01,1.39
20565,North East and Yorkshire NHS Region,2021-03-01,1.36
20590,North East and Yorkshire NHS Region,2021-04-01,1.34
20615,North East and Yorkshire NHS Region,2021-05-01,1.35
20640,North East and Yorkshire NHS Region,2021-06-01,1.36
20665,North East and Yorkshire NHS Region,2021-07-01,1.38
20690,North East and Yorkshire NHS Region,2021-08-01,1.39
20715,North East and Yorkshire NHS Region,2021-09-01,1.41
20740,North East and Yorkshire NHS Region,2021-10-01,1.44
20765,North East and Yorkshire NHS Region,2021-11-01,1.47
20790,North East and Yorkshire NHS Region,2021-12-01,1.51
20815,North East and Yorkshire NHS Region,2022-01-01,1.52
20840,North East and Yorkshire NHS Region,2022-02-01,1.53
20865,North East and Yorkshire NHS Region,2022-03-01,1.56
20890,North East and Yorkshire NHS Region,2022-04-01,1.58
20915,North East and Yorkshire NHS Region,2022-05-01,1.61
20940,North East and Yorkshire NHS Region,2022-06-01,1.62
20965,North East and Yorkshire NHS Region,2022-07-01,1.62
20990,North East and Yorkshire NHS Region,2022-08-01,1.63
21015,North East and Yorkshire NHS Region,2022-09-01,1.62
21040,North East and Yorkshire NHS Region,2022-10-01,1.63
21065,North East and Yorkshire NHS Region,2022-11-01,1.63
21090,North East and Yorkshire NHS Region,2022-12-01,1.69
21115,North East and Yorkshire NHS Region,2023-01-01,1.74
21140,North East and Yorkshire NHS Region,2023-02-01,1.76
21165,North East and Yorkshire NHS Region,2023-03-01,1.78
21190,North East and Yorkshire NHS Region,2023-04-01,1.78
21215,North East and Yorkshire NHS Region,2023-05-01,1.79
21240,North East and Yorkshire NHS Region,2023-06-01,1.79
21265,North East and Yorkshire NHS Region,2023-07-01,1.79
21290,North East and Yorkshire NHS Region,2023-08-01,1.79
21315,North East and Yorkshire NHS Region,2023-09-01,1.79
21340,North East and Yorkshire NHS Region,2023-10-01,1.8
21365,North East and Yorkshire NHS Region,2023-11-01,1.79
21390,North East and Yorkshire NHS Region,2023-12-01,1.74
21415,North East and Yorkshire NHS Region,2024-01-01,1.74
21440,North East and Yorkshire NHS Region,2024-02-01,1.74
21465,North East and Yorkshire NHS Region,2024-03-01,1.73
21490,North East and Yorkshire NHS Region,2024-04-01,1.75
21515,North East and Yorkshire NHS Region,2024-05-01,1.75
21540,North East and Yorkshire NHS Region,2024-06-01,1.74
21565,North East and Yorkshire NHS Region,2024-07-01,1.75
21590,North East and Yorkshire NHS Region,2024-08-01,1.73
21615,North East and Yorkshire NHS Region,2024-09-01,1.73
21640,North East and Yorkshire NHS Region,2024-10-01,1.72
21665,North East and Yorkshire NHS Region,2024-11-01,1.71
21690,North East and Yorkshire NHS Region,2024-12-01,1.7
21715,North East and Yorkshire NHS Region,2025-01-01,1.68
21740,North East and Yorkshire NHS Region,2025-02-01,1.66
21765,North East and Yorkshire NHS Region,2025-03-01,1.64
21790,North East and Yorkshire NHS Region,2025-04-01,1.62
21815,North East and Yorkshire NHS Region,2025-05-01,1.6
21840,North East and Yorkshire NHS Region,2025-06-01,1.59
21877,London NHS Region,2015-01-01,1.525235891
21882,London NHS Region,2015-02-01,1.522148967
21887,London NHS Region,2015-03-01,1.524901032
21892,London NHS Region,2015-04-01,1.51400423
21897,London NHS Region,2015-05-01,1.498466611
21902,London NHS Region,2015-06-01,1.488645673
21907,London NHS Region,2015-07-01,1.478291154
21912,London NHS Region,2015-08-01,1.471475482
21917,London NHS Region,2015-09-01,1.461070776
21922,London NHS Region,2015-10-01,1.449236035
21927,London NHS Region,2015-11-01,1.438966513
21932,London NHS Region,2015-12-01,1.401378989
21937,London NHS Region,2016-01-01,1.366634965
21944,London NHS Region,2016-02-01,1.367578745
21951,London NHS Region,2016-03-01,1.361445904
21958,London NHS Region,2016-04-01,1.362281084
21965,London NHS Region,2016-05-01,1.361598372
21972,London NHS Region,2016-06-01,1.359942079
21979,London NHS Region,2016-07-01,1.358181953
21986,London NHS Region,2016-08-01,1.363218665
21993,London NHS Region,2016-09-01,1.359803796
22000,London NHS Region,2016-10-01,1.354196787
22007,London NHS Region,2016-11-01,1.357531905
22014,London NHS Region,2016-12-01,1.362844586
22021,London NHS Region,2017-01-01,1.37
22028,London NHS Region,2017-02-01,1.35
22035,London NHS Region,2017-03-01,1.34
22042,London NHS Region,2017-04-01,1.32
22049,London NHS Region,2017-05-01,1.32
22056,London NHS Region,2017-06-01,1.32
22063,London NHS Region,2017-07-01,1.31
22070,London NHS Region,2017-08-01,1.32
22077,London NHS Region,2017-09-01,1.32
22084,London NHS Region,2017-10-01,1.32
22091,London NHS Region,2017-11-01,1.31
22098,London NHS Region,2017-12-01,1.3
22105,London NHS Region,2018-01-01,1.29
22112,London NHS Region,2018-02-01,1.28
22119,London NHS Region,2018-03-01,1.28
22126,London NHS Region,2018-04-01,1.28
22133,London NHS Region,2018-05-01,1.28
22140,London NHS Region,2018-06-01,1.27
22147,London NHS Region,2018-07-01,1.27
22154,London NHS Region,2018-08-01,1.26
22161,London NHS Region,2018-09-01,1.25
22168,London NHS Region,2018-10-01,1.25
22175,London NHS Region,2018-11-01,1.24
22182,London NHS Region,2018-12-01,1.23
22189,London NHS Region,2019-01-01,1.22
22196,London NHS Region,2019-02-01,1.21
22203,London NHS Region,2019-03-01,1.21
22210,London NHS Region,2019-04-01,1.21
22217,London NHS Region,2019-05-01,1.2
22224,London NHS Region,2019-06-01,1.2
22231,London NHS Region,2019-07-01,1.2
22238,London NHS Region,2019-08-01,1.2
22245,London NHS Region,2019-09-01,1.2
22252,London NHS Region,2019-10-01,1.2
22259,London NHS Region,2019-11-01,1.2
22266,London NHS Region,2019-12-01,1.21
22273,London NHS Region,2020-01-01,1.21
22280,London NHS Region,2020-02-01,1.2
22287,London NHS Region,2020-03-01,1.21
22294,London NHS Region,2020-04-01,1.21
22301,London NHS Region,2020-05-01,1.18
22308,London NHS Region,2020-06-01,1.17
22315,London NHS Region,2020-07-01,1.15
22322,London NHS Region,2020-08-01,1.13
22329,London NHS Region,2020-09-01,1.12
22336,London NHS Region,2020-10-01,1.1
22343,London NHS Region,2020-11-01,1.07
22350,London NHS Region,2020-12-01,1.03
22357,London NHS Region,2021-01-01,1.02
22364,London NHS Region,2021-02-01,0.99
22371,London NHS Region,2021-03-01,0.96
22378,London NHS Region,2021-04-01,0.93
22385,London NHS Region,2021-05-01,0.94
22392,London NHS Region,2021-06-01,0.95
22399,London NHS Region,2021-07-01,0.97
22406,London NHS Region,2021-08-01,0.98
22413,London NHS Region,2021-09-01,0.99
22420,London NHS Region,2021-10-01,1.02
22427,London NHS Region,2021-11-01,1.05
22434,London NHS Region,2021-12-01,1.07
22441,London NHS Region,2022-01-01,1.07
22448,London NHS Region,2022-02-01,1.09
22455,London NHS Region,2022-03-01,1.11
22462,London NHS Region,2022-04-01,1.13
22469,London NHS Region,2022-05-01,1.15
22476,London NHS Region,2022-06-01,1.16
22483,London NHS Region,2022-07-01,1.17
22490,London NHS Region,2022-08-01,1.17
22497,London NHS Region,2022-09-01,1.17
22504,London NHS Region,2022-10-01,1.17
22511,London NHS Region,2022-11-01,1.18
22518,London NHS Region,2022-12-01,1.24
22525,London NHS Region,2023-01-01,1.28
22532,London NHS Region,2023-02-01,1.31
22539,London NHS Region,2023-03-01,1.33
22546,London NHS Region,2023-04-01,1.33
22553,London NHS Region,2023-05-01,1.34
22560,London NHS Region,2023-06-01,1.34
22567,London NHS Region,2023-07-01,1.34
22574,London NHS Region,2023-08-01,1.34
22581,London NHS Region,2023-09-01,1.34
22588,London NHS Region,2023-10-01,1.34
22595,London NHS Region,2023-11-01,1.34
22602,London NHS Region,2023-12-01,1.29
22609,London NHS Region,2024-01-01,1.29
22616,London NHS Region,2024-02-01,1.29
22623,London NHS Region,2024-03-01,1.28
22630,London NHS Region,2024-04-01,1.29
22637,London NHS Region,2024-05-01,1.3
22644,London NHS Region,2024-06-01,1.3
22651,London NHS Region,2024-07-01,1.3
22658,London NHS Region,2024-08-01,1.29
22665,London NHS Region,2024-09-01,1.29
22672,London NHS Region,2024-10-01,1.29
22679,London NHS Region,2024-11-01,1.28
22686,London NHS Region,2024-12-01,1.28
22693,London NHS Region,2025-01-01,1.27
22700,London NHS Region,2025-02-01,1.26
22707,London NHS Region,2025-03-01,1.25
22714,London NHS Region,2025-04-01,1.23
22721,London NHS Region,2025-05-01,1.21
22728,London NHS Region,2025-06-01,1.2
